{
 "errors": {},
 "success": true,
 "response": {
  "translations": {
   "CourseData": "Datos del curso",
   "CourseData.Title": "Título",
   "CourseData.Category": "Categoría",
   "CourseData.StartDate": "Fecha inicio",
   "CourseData.EndDate": "Fecha fin",
   "ContactData.Country": "País",
   "ContactData.Phone": "Celular/Móvil",
   "ContactData.Email": "Email",
   "AcademicData": "Datos académicos",
   "AcademicData.Degree": "Titulación Académica",
   "AcademicData.University": "Universidad",
   "ContactData.State": "Provincia",
   "AcademicData.Year": "Ańo",
   "PaymentMethod": "Forma de pago",
   "Observations": "Observaciones",
   "Check": "Verificación",
   "PayMode": "Modo de pago",
   "ContactData.Town": "Localidad",
   "ContactData.CP": "Código Postal",
   "CourseData.Price": "Precio",
   "CourseData.PromotionalCode": "Código promocional",
   "PersonalData": "Datos personales",
   "PersonalData.Name": "Nombre",
   "PersonalData.Surname": "Apellidos",
   "PersonalData.Gender": "Sexo",
   "ContactData.Neighborhood": "Barrio",
   "PersonalData.Nationality": "Nacionalidad",
   "PersonalData.Profession": "Profesión",
   "ContactData": "Datos de contacto",
   "ContactData.Document": "DNI",
   "ContactData.Street": "Calle",
   "ContactData.Number": "Número",
   "ContactData.Apartment": "Piso/Departamento",
   "PersonalData.BirthDate": "Fecha de nacimiento",
   "ContactData.Address": "Dirección",
   "ContactData.DocumentName": "Documento Nacional de Identidad"
  },
  "country": {
   "id": 10,
   "creationDate": "2018-08-20T10:19:12.7972531",
   "modificationDate": "2018-08-20T10:19:12.7972531",
   "isDeleted": false,
   "isoCode": "AR",
   "geoNameId": 3865483,
   "name": "Argentina",
   "continentId": 5,
   "preferredFeatureCode": "ADM1",
   "postalCodeRegex": "^[A-Z]?\\d{4}[A-Z]{0,3}$",
   "postalCodeFormat": "@####@@@",
   "phone": "54",
   "currencyName": "Peso",
   "demonym": "",
   "currencyCode": "ARS",
   "fipsCode": "AR",
   "tld": ".ar",
   "isoNumericCode": 0,
   "defaultLanguageId": 77,
   "regions": [
    {
     "id": 112,
     "creationDate": "2018-08-20T10:21:43.1728376",
     "modificationDate": "2018-08-20T10:21:43.1728376",
     "isDeleted": false,
     "geoNameId": 197808,
     "name": "Misiones",
     "featureCode": "ADM1",
     "countryId": 10,
     "regionCode": "14",
     "parentRegionId": -1
    },
    {
     "id": 113,
     "creationDate": "2018-08-20T10:21:43.3081641",
     "modificationDate": "2018-08-20T10:21:43.3081647",
     "isDeleted": false,
     "geoNameId": 201040,
     "name": "Formosa",
     "featureCode": "ADM1",
     "countryId": 10,
     "regionCode": "09",
     "parentRegionId": -1
    },
    {
     "id": 114,
     "creationDate": "2018-08-20T10:21:43.3082375",
     "modificationDate": "2018-08-20T10:21:43.3082375",
     "isDeleted": false,
     "geoNameId": 201099,
     "name": "Ciudad Autónoma de Buenos Aires",
     "featureCode": "ADM1",
     "countryId": 10,
     "regionCode": "07",
     "parentRegionId": -1
    },
    {
     "id": 115,
     "creationDate": "2018-08-20T10:21:43.308283",
     "modificationDate": "2018-08-20T10:21:43.3082836",
     "isDeleted": false,
     "geoNameId": 201281,
     "name": "Entre Ríos",
     "featureCode": "ADM1",
     "countryId": 10,
     "regionCode": "08",
     "parentRegionId": -1
    },
    {
     "id": 116,
     "creationDate": "2018-08-20T10:21:43.3083217",
     "modificationDate": "2018-08-20T10:21:43.3083217",
     "isDeleted": false,
     "geoNameId": 202355,
     "name": "Corrientes",
     "featureCode": "ADM1",
     "countryId": 10,
     "regionCode": "06",
     "parentRegionId": -1
    },
    {
     "id": 117,
     "creationDate": "2018-08-20T10:21:43.308361",
     "modificationDate": "2018-08-20T10:21:43.308361",
     "isDeleted": false,
     "geoNameId": 203045,
     "name": "Buenos Aires",
     "featureCode": "ADM1",
     "countryId": 10,
     "regionCode": "01",
     "parentRegionId": -1
    },
    {
     "id": 118,
     "creationDate": "2018-08-20T10:21:43.308411",
     "modificationDate": "2018-08-20T10:21:43.3084116",
     "isDeleted": false,
     "geoNameId": 205308,
     "name": "Tucumán",
     "featureCode": "ADM1",
     "countryId": 10,
     "regionCode": "24",
     "parentRegionId": -1
    },
    {
     "id": 119,
     "creationDate": "2018-08-20T10:21:43.3084588",
     "modificationDate": "2018-08-20T10:21:43.3084588",
     "isDeleted": false,
     "geoNameId": 206173,
     "name": "Tierra del Fuego",
     "featureCode": "ADM1",
     "countryId": 10,
     "regionCode": "23",
     "parentRegionId": -1
    },
    {
     "id": 120,
     "creationDate": "2018-08-20T10:21:43.3084998",
     "modificationDate": "2018-08-20T10:21:43.3084998",
     "isDeleted": false,
     "geoNameId": 207579,
     "name": "Santiago del Estero",
     "featureCode": "ADM1",
     "countryId": 10,
     "regionCode": "22",
     "parentRegionId": -1
    },
    {
     "id": 121,
     "creationDate": "2018-08-20T10:21:43.3085373",
     "modificationDate": "2018-08-20T10:21:43.3085373",
     "isDeleted": false,
     "geoNameId": 207987,
     "name": "Santa Fe",
     "featureCode": "ADM1",
     "countryId": 10,
     "regionCode": "21",
     "parentRegionId": -1
    },
    {
     "id": 122,
     "creationDate": "2018-08-20T10:21:43.3085788",
     "modificationDate": "2018-08-20T10:21:43.3085788",
     "isDeleted": false,
     "geoNameId": 208060,
     "name": "Santa Cruz",
     "featureCode": "ADM1",
     "countryId": 10,
     "regionCode": "20",
     "parentRegionId": -1
    },
    {
     "id": 123,
     "creationDate": "2018-08-20T10:21:43.3086152",
     "modificationDate": "2018-08-20T10:21:43.3086158",
     "isDeleted": false,
     "geoNameId": 208738,
     "name": "San Luis",
     "featureCode": "ADM1",
     "countryId": 10,
     "regionCode": "19",
     "parentRegionId": -1
    },
    {
     "id": 124,
     "creationDate": "2018-08-20T10:21:43.3086517",
     "modificationDate": "2018-08-20T10:21:43.3086517",
     "isDeleted": false,
     "geoNameId": 208860,
     "name": "San Juan",
     "featureCode": "ADM1",
     "countryId": 10,
     "regionCode": "18",
     "parentRegionId": -1
    },
    {
     "id": 125,
     "creationDate": "2018-08-20T10:21:43.3086903",
     "modificationDate": "2018-08-20T10:21:43.3086903",
     "isDeleted": false,
     "geoNameId": 209938,
     "name": "Salta",
     "featureCode": "ADM1",
     "countryId": 10,
     "regionCode": "17",
     "parentRegionId": -1
    },
    {
     "id": 126,
     "creationDate": "2018-08-20T10:21:44.1524236",
     "modificationDate": "2018-08-20T10:21:44.1524236",
     "isDeleted": false,
     "geoNameId": 210534,
     "name": "Río Negro",
     "featureCode": "ADM1",
     "countryId": 10,
     "regionCode": "16",
     "parentRegionId": -1
    },
    {
     "id": 127,
     "creationDate": "2018-08-20T10:21:44.1524691",
     "modificationDate": "2018-08-20T10:21:44.1524691",
     "isDeleted": false,
     "geoNameId": 214805,
     "name": "Neuquén",
     "featureCode": "ADM1",
     "countryId": 10,
     "regionCode": "15",
     "parentRegionId": -1
    },
    {
     "id": 128,
     "creationDate": "2018-08-20T10:21:44.1524935",
     "modificationDate": "2018-08-20T10:21:44.1524941",
     "isDeleted": false,
     "geoNameId": 216094,
     "name": "Mendoza",
     "featureCode": "ADM1",
     "countryId": 10,
     "regionCode": "13",
     "parentRegionId": -1
    },
    {
     "id": 129,
     "creationDate": "2018-08-20T10:21:44.1525163",
     "modificationDate": "2018-08-20T10:21:44.1525163",
     "isDeleted": false,
     "geoNameId": 220608,
     "name": "La Rioja",
     "featureCode": "ADM1",
     "countryId": 10,
     "regionCode": "12",
     "parentRegionId": -1
    },
    {
     "id": 130,
     "creationDate": "2018-08-20T10:21:44.1525612",
     "modificationDate": "2018-08-20T10:21:44.1525612",
     "isDeleted": false,
     "geoNameId": 221233,
     "name": "La Pampa",
     "featureCode": "ADM1",
     "countryId": 10,
     "regionCode": "11",
     "parentRegionId": -1
    },
    {
     "id": 131,
     "creationDate": "2018-08-20T10:21:44.152584",
     "modificationDate": "2018-08-20T10:21:44.152584",
     "isDeleted": false,
     "geoNameId": 225055,
     "name": "Jujuy",
     "featureCode": "ADM1",
     "countryId": 10,
     "regionCode": "10",
     "parentRegionId": -1
    },
    {
     "id": 132,
     "creationDate": "2018-08-20T10:21:44.1526079",
     "modificationDate": "2018-08-20T10:21:44.1526079",
     "isDeleted": false,
     "geoNameId": 231883,
     "name": "Córdoba",
     "featureCode": "ADM1",
     "countryId": 10,
     "regionCode": "05",
     "parentRegionId": -1
    },
    {
     "id": 133,
     "creationDate": "2018-08-20T10:21:44.1526312",
     "modificationDate": "2018-08-20T10:21:44.1526312",
     "isDeleted": false,
     "geoNameId": 232866,
     "name": "Chubut",
     "featureCode": "ADM1",
     "countryId": 10,
     "regionCode": "04",
     "parentRegionId": -1
    },
    {
     "id": 134,
     "creationDate": "2018-08-20T10:21:44.1526557",
     "modificationDate": "2018-08-20T10:21:44.1526562",
     "isDeleted": false,
     "geoNameId": 233509,
     "name": "Chaco",
     "featureCode": "ADM1",
     "countryId": 10,
     "regionCode": "03",
     "parentRegionId": -1
    },
    {
     "id": 135,
     "creationDate": "2018-08-20T10:21:44.1526779",
     "modificationDate": "2018-08-20T10:21:44.1526784",
     "isDeleted": false,
     "geoNameId": 233906,
     "name": "Catamarca",
     "featureCode": "ADM1",
     "countryId": 10,
     "regionCode": "02",
     "parentRegionId": -1
    }
   ]
  },
  "nacionalities": [
   "Andorra",
   "Emiratos Árabes Unidos",
   "Afganistán",
   "Antigua y Barbuda",
   "Anguila",
   "Albania",
   "Armenia",
   "Angola",
   "Antártico",
   "Argentina",
   "Samoa Americana",
   "Austria",
   "Australia",
   "Aruba",
   "Åland, Islas",
   "Azerbaiyán",
   "Bosnia-Herzegovina",
   "Barbados",
   "Bangladés",
   "Bélgica",
   "Burkina Faso",
   "Bulgaria",
   "Baréin",
   "Burundi",
   "Benín",
   "San Bartolomé",
   "Bermudas",
   "Brunéi Darussalam",
   "Bolivia",
   "Bonaire, San Estaquio y Saba",
   "Brasil",
   "Bahamas",
   "Bután",
   "Isla Bouvet",
   "Botsuana",
   "Bielorrusia",
   "Belice",
   "Canadá",
   "Islas Cocos",
   "República Democrática del Congo",
   "República Centroafricana",
   "Congo, República del",
   "Suiza",
   "Costa de Marfil",
   "Islas Cook",
   "Chile",
   "Camerún",
   "China",
   "Colombia",
   "Costa Rica",
   "Cuba",
   "Cabo Verde",
   "Curasao",
   "Isla de Navidad",
   "Chipre",
   "República Checa",
   "Alemania",
   "Yibuti",
   "Dinamarca",
   "Dominica",
   "República Dominicana",
   "Argelia",
   "Ecuador",
   "Estonia",
   "Egipto",
   "Sahara Occidental",
   "Eritrea",
   "España",
   "Etiopía",
   "Finlandia",
   "Fiyi",
   "Islas Malvinas",
   "Micronesia, Estados Federados de",
   "Islas Feroe",
   "Francia",
   "Gabón",
   "Reino Unido",
   "Granada",
   "Georgia",
   "Guayana Francesa",
   "Guernesey",
   "Ghana",
   "Gibraltar",
   "Groenlandia",
   "Gambia",
   "Guinea",
   "Guadalupe",
   "Guinea Ecuatorial",
   "Grecia",
   "Islas Georgias del Sur y Sandwich del Sur",
   "Guatemala",
   "Guam",
   "Guinea-Bissau",
   "Guyana",
   "Hong Kong",
   "Islas Heard y McDonald",
   "Honduras",
   "Croacia",
   "Haití",
   "Hungría",
   "Indonesia",
   "Irlanda",
   "Israel",
   "Isla de Man",
   "India",
   "Territorio Británico en el Océano Índico",
   "Iraq",
   "Irán",
   "Islandia",
   "Italia",
   "Isla de Jersey",
   "Jamaica",
   "Jordania",
   "Japón",
   "Kenia",
   "Kirguistán",
   "Camboya",
   "Kiribati",
   "Comoras",
   "San Cristóbal y Nieves",
   "Corea del Norte",
   "Corea del Sur",
   "Kosovo",
   "Kuwait",
   "Islas Caimán",
   "Kazajistán",
   "Laos",
   "Líbano",
   "Santa Lucía",
   "Liechtenstein",
   "Sri Lanka",
   "Liberia",
   "Lesoto",
   "Lituania",
   "Luxemburgo",
   "Letonia",
   "Libia",
   "Marruecos",
   "Mónaco",
   "Moldavia",
   "Montenegro",
   "Isla de San Martín",
   "Madagascar",
   "Islas Marshall",
   "Macedonia, República de",
   "Malí",
   "Myanmar",
   "Mongolia",
   "Macao",
   "Islas Marianas del Norte",
   "Martinica",
   "Mauritania",
   "Montserrat",
   "Malta",
   "Mauricio",
   "Maldivas",
   "Malaui",
   "México",
   "Malasia",
   "Mozambique",
   "Namibia",
   "Nueva Caledonia",
   "Níger",
   "Isla Norfolk",
   "Nigeria",
   "Nicaragua",
   "Países Bajos",
   "Noruega",
   "Nepal",
   "Nauru",
   "Niue",
   "Nueva Zelanda",
   "Omán",
   "Panamá",
   "Perú",
   "Polinesia Francesa",
   "Papúa Nueva Guinea",
   "Filipinas",
   "Pakistán",
   "Polonia",
   "San Pedro y Miquelón",
   "Islas Pitcairn",
   "Puerto Rico",
   "Palestina",
   "Portugal",
   "Palaos",
   "Paraguay",
   "Qatar",
   "Reunión",
   "Rumania",
   "Serbia",
   "Rusia",
   "Ruanda",
   "Arabia Saudí",
   "Islas Salomón",
   "Seychelles",
   "Sudán",
   "Sudán del Sur",
   "Suecia",
   "Singapur",
   "Santa Helena",
   "Eslovenia",
   "Islas Svalbard y Jan Mayen",
   "Eslovaquia",
   "Sierra Leona",
   "San Marino",
   "Senegal",
   "Somalia",
   "Surinam",
   "Santo Tomé y Príncipe",
   "El Salvador",
   "San Martín (Sint Maarten)",
   "Siria",
   "Suazilandia",
   "Islas Turcas y Caicos",
   "Chad",
   "Territorios Australes Franceses",
   "Togo",
   "Tailandia",
   "Tayikistán",
   "Tokelau",
   "Timor Oriental",
   "Turkmenistán",
   "Túnez",
   "Tonga",
   "Turquía",
   "Trinidad y Tobago",
   "Tuvalu",
   "Taiwán",
   "Tanzania",
   "Ucrania",
   "Uganda",
   "Islas Ultramarinas Menores de Estados Unidos",
   "Estados Unidos",
   "Uruguay",
   "Uzbekistán",
   "Ciudad del Vaticano",
   "San Vicente y las Granadinas",
   "Venezuela",
   "Islas Vírgenes Británicas",
   "Islas Vírgenes de los Estados Unidos",
   "Vietnam",
   "Vanuatu",
   "Wallis y Futuna",
   "Samoa del Oeste",
   "Yemen",
   "Mayotte",
   "Sudáfrica",
   "Zambia",
   "Zimbabue",
   "Serbia y Montenegro"
  ]
 },
 "processTime": 0
}