{
 "errors": {},
 "success": true,
 "response": {
  "translations": {
   "CourseData": "Datos del curso",
   "Check": "Verificación",
   "Observations": "Observaciones",
   "PaymentMethod": "Forma de pago",
   "PayMode": "Modo de pago",
   "AcademicData.Year": "Ańo",
   "AcademicData.University": "Universidad",
   "AcademicData.Degree": "Título",
   "AcademicData": "Datos académicos",
   "ContactData.Email": "Email",
   "ContactData.Phone": "Teléfono",
   "ContactData.Country": "País",
   "ContactData.Town": "Población",
   "ContactData.CP": "Código Postal",
   "ContactData.Address": "Dirección",
   "ContactData.Document": "DNI",
   "CourseData.Title": "Título",
   "CourseData.Category": "Categoría",
   "CourseData.StartDate": "Fecha inicio",
   "CourseData.EndDate": "Fecha fin",
   "CourseData.Price": "Precio",
   "CourseData.PromotionalCode": "Código promocional",
   "PersonalData": "Datos personales",
   "PersonalData.Surname": "Apellidos",
   "PersonalData.Gender": "Sexo",
   "PersonalData.Nationality": "Nacionalidad",
   "PersonalData.BirthDate": "Fecha de nacimiento",
   "PersonalData.Profession": "Profesión",
   "ContactData": "Datos de contacto",
   "PersonalData.Name": "Nombre",
   "ContactData.State": "Provincia",
   "ContactData.DocumentName": "Documento Nacional de Identidad"
  },
  "country": {
   "id": 68,
   "creationDate": "2018-08-20T10:19:12.8018037",
   "modificationDate": "2018-08-20T10:19:12.8018037",
   "isDeleted": false,
   "isoCode": "ES",
   "geoNameId": 2510769,
   "name": "España",
   "continentId": 3,
   "preferredFeatureCode": "ADM2",
   "postalCodeRegex": "^(\\d{5})$",
   "postalCodeFormat": "#####",
   "phone": "34",
   "currencyName": "Euro",
   "demonym": "",
   "currencyCode": "EUR",
   "fipsCode": "SP",
   "tld": ".es",
   "isoNumericCode": 0,
   "defaultLanguageId": 77,
   "regions": [
    {
     "id": 3967,
     "creationDate": "2018-08-20T10:33:07.9041484",
     "modificationDate": "2018-08-20T10:33:07.9041484",
     "isDeleted": false,
     "geoNameId": 2757965,
     "name": "Valencia",
     "featureCode": "ADM2",
     "countryId": 68,
     "regionCode": "V",
     "parentRegionId": 204
    },
    {
     "id": 3968,
     "creationDate": "2018-08-20T10:33:07.904864",
     "modificationDate": "2018-08-20T10:33:07.904864",
     "isDeleted": false,
     "geoNameId": 2758421,
     "name": "Toledo",
     "featureCode": "ADM2",
     "countryId": 68,
     "regionCode": "TO",
     "parentRegionId": 228
    },
    {
     "id": 3969,
     "creationDate": "2018-08-20T10:33:07.9048856",
     "modificationDate": "2018-08-20T10:33:07.9048856",
     "isDeleted": false,
     "geoNameId": 2758923,
     "name": "Sevilla",
     "featureCode": "ADM2",
     "countryId": 68,
     "regionCode": "SE",
     "parentRegionId": 82
    },
    {
     "id": 3970,
     "creationDate": "2018-08-20T10:33:07.904893",
     "modificationDate": "2018-08-20T10:33:07.904893",
     "isDeleted": false,
     "geoNameId": 2759186,
     "name": "Santa Cruz de Tenerife",
     "featureCode": "ADM2",
     "countryId": 68,
     "regionCode": "TF",
     "parentRegionId": 227
    },
    {
     "id": 3971,
     "creationDate": "2018-08-20T10:33:07.9049073",
     "modificationDate": "2018-08-20T10:33:07.9049073",
     "isDeleted": false,
     "geoNameId": 2762258,
     "name": "Málaga",
     "featureCode": "ADM2",
     "countryId": 68,
     "regionCode": "MA",
     "parentRegionId": 82
    },
    {
     "id": 3972,
     "creationDate": "2018-08-20T10:33:07.9049141",
     "modificationDate": "2018-08-20T10:33:07.9049141",
     "isDeleted": false,
     "geoNameId": 2763273,
     "name": "Las Palmas",
     "featureCode": "ADM2",
     "countryId": 68,
     "regionCode": "GC",
     "parentRegionId": 227
    },
    {
     "id": 3973,
     "creationDate": "2018-08-20T10:33:07.9049249",
     "modificationDate": "2018-08-20T10:33:07.9049249",
     "isDeleted": false,
     "geoNameId": 2764394,
     "name": "Jaén",
     "featureCode": "ADM2",
     "countryId": 68,
     "regionCode": "J",
     "parentRegionId": 82
    },
    {
     "id": 3974,
     "creationDate": "2018-08-20T10:33:07.9049351",
     "modificationDate": "2018-08-20T10:33:07.9049351",
     "isDeleted": false,
     "geoNameId": 2764546,
     "name": "Huelva",
     "featureCode": "ADM2",
     "countryId": 68,
     "regionCode": "H",
     "parentRegionId": 82
    },
    {
     "id": 3975,
     "creationDate": "2018-08-20T10:33:07.9049403",
     "modificationDate": "2018-08-20T10:33:07.9049403",
     "isDeleted": false,
     "geoNameId": 2765113,
     "name": "Granada",
     "featureCode": "ADM2",
     "countryId": 68,
     "regionCode": "GR",
     "parentRegionId": 82
    },
    {
     "id": 3976,
     "creationDate": "2018-08-20T10:33:07.9049459",
     "modificationDate": "2018-08-20T10:33:07.9049459",
     "isDeleted": false,
     "geoNameId": 2767030,
     "name": "Cuenca",
     "featureCode": "ADM2",
     "countryId": 68,
     "regionCode": "CU",
     "parentRegionId": 228
    },
    {
     "id": 3977,
     "creationDate": "2018-08-20T10:33:07.9049573",
     "modificationDate": "2018-08-20T10:33:07.9049573",
     "isDeleted": false,
     "geoNameId": 2767234,
     "name": "Córdoba",
     "featureCode": "ADM2",
     "countryId": 68,
     "regionCode": "CO",
     "parentRegionId": 82
    },
    {
     "id": 3978,
     "creationDate": "2018-08-20T10:33:07.9049624",
     "modificationDate": "2018-08-20T10:33:07.9049624",
     "isDeleted": false,
     "geoNameId": 2767394,
     "name": "Ciudad Real",
     "featureCode": "ADM2",
     "countryId": 68,
     "regionCode": "CR",
     "parentRegionId": 228
    },
    {
     "id": 3979,
     "creationDate": "2018-08-20T10:33:07.9049738",
     "modificationDate": "2018-08-20T10:33:07.9049738",
     "isDeleted": false,
     "geoNameId": 2768586,
     "name": "Cádiz",
     "featureCode": "ADM2",
     "countryId": 68,
     "regionCode": "CA",
     "parentRegionId": 82
    },
    {
     "id": 3980,
     "creationDate": "2018-08-20T10:33:07.9049789",
     "modificationDate": "2018-08-20T10:33:07.9049789",
     "isDeleted": false,
     "geoNameId": 2768598,
     "name": "Cáceres",
     "featureCode": "ADM2",
     "countryId": 68,
     "regionCode": "CC",
     "parentRegionId": 187
    },
    {
     "id": 3981,
     "creationDate": "2018-08-20T10:33:07.9049886",
     "modificationDate": "2018-08-20T10:33:07.9049886",
     "isDeleted": false,
     "geoNameId": 2769403,
     "name": "Badajoz",
     "featureCode": "ADM2",
     "countryId": 68,
     "regionCode": "BA",
     "parentRegionId": 187
    },
    {
     "id": 3982,
     "creationDate": "2018-08-20T10:33:07.9049977",
     "modificationDate": "2018-08-20T10:33:07.9049977",
     "isDeleted": false,
     "geoNameId": 2769867,
     "name": "Almería",
     "featureCode": "ADM2",
     "countryId": 68,
     "regionCode": "AL",
     "parentRegionId": 82
    },
    {
     "id": 3983,
     "creationDate": "2018-08-20T10:33:07.9050034",
     "modificationDate": "2018-08-20T10:33:07.9050034",
     "isDeleted": false,
     "geoNameId": 2769960,
     "name": "Alicante",
     "featureCode": "ADM2",
     "countryId": 68,
     "regionCode": "A",
     "parentRegionId": 204
    },
    {
     "id": 3984,
     "creationDate": "2018-08-20T10:33:07.9050136",
     "modificationDate": "2018-08-20T10:33:07.9050136",
     "isDeleted": false,
     "geoNameId": 2770239,
     "name": "Albacete",
     "featureCode": "ADM2",
     "countryId": 68,
     "regionCode": "AB",
     "parentRegionId": 228
    },
    {
     "id": 3985,
     "creationDate": "2018-08-20T10:33:07.9050244",
     "modificationDate": "2018-08-20T10:33:07.9050244",
     "isDeleted": false,
     "geoNameId": 2770982,
     "name": "Zaragoza",
     "featureCode": "ADM2",
     "countryId": 68,
     "regionCode": "Z",
     "parentRegionId": 225
    },
    {
     "id": 3986,
     "creationDate": "2018-08-20T10:33:07.9050353",
     "modificationDate": "2018-08-20T10:33:07.9050353",
     "isDeleted": false,
     "geoNameId": 2771000,
     "name": "Zamora\t",
     "featureCode": "ADM2",
     "countryId": 68,
     "regionCode": "ZA",
     "parentRegionId": 164
    },
    {
     "id": 3987,
     "creationDate": "2018-08-20T10:33:07.9050438",
     "modificationDate": "2018-08-20T10:33:07.9050438",
     "isDeleted": false,
     "geoNameId": 2771128,
     "name": "Vizcaya",
     "featureCode": "ADM2",
     "countryId": 68,
     "regionCode": "BI",
     "parentRegionId": 194
    },
    {
     "id": 3988,
     "creationDate": "2018-08-20T10:33:07.9050546",
     "modificationDate": "2018-08-20T10:33:07.9050546",
     "isDeleted": false,
     "geoNameId": 2773327,
     "name": "Valladolid",
     "featureCode": "ADM2",
     "countryId": 68,
     "regionCode": "VA",
     "parentRegionId": 164
    },
    {
     "id": 3989,
     "creationDate": "2018-08-20T10:33:07.905066",
     "modificationDate": "2018-08-20T10:33:07.905066",
     "isDeleted": false,
     "geoNameId": 2774778,
     "name": "Teruel",
     "featureCode": "ADM2",
     "countryId": 68,
     "regionCode": "TE",
     "parentRegionId": 225
    },
    {
     "id": 3990,
     "creationDate": "2018-08-20T10:33:07.9050768",
     "modificationDate": "2018-08-20T10:33:07.9050768",
     "isDeleted": false,
     "geoNameId": 2774939,
     "name": "Tarragona",
     "featureCode": "ADM2",
     "countryId": 68,
     "regionCode": "T",
     "parentRegionId": 186
    },
    {
     "id": 3991,
     "creationDate": "2018-08-20T10:33:07.905087",
     "modificationDate": "2018-08-20T10:33:07.905087",
     "isDeleted": false,
     "geoNameId": 2775330,
     "name": "Soria",
     "featureCode": "ADM2",
     "countryId": 68,
     "regionCode": "SO",
     "parentRegionId": 164
    },
    {
     "id": 3992,
     "creationDate": "2018-08-20T10:33:07.9050961",
     "modificationDate": "2018-08-20T10:33:07.9050961",
     "isDeleted": false,
     "geoNameId": 2775900,
     "name": "Segovia",
     "featureCode": "ADM2",
     "countryId": 68,
     "regionCode": "SG",
     "parentRegionId": 164
    },
    {
     "id": 3993,
     "creationDate": "2018-08-20T10:33:07.9051064",
     "modificationDate": "2018-08-20T10:33:07.9051064",
     "isDeleted": false,
     "geoNameId": 2776357,
     "name": "Cantabria",
     "featureCode": "ADM2",
     "countryId": 68,
     "regionCode": "S",
     "parentRegionId": 23
    },
    {
     "id": 3994,
     "creationDate": "2018-08-20T10:33:07.9051103",
     "modificationDate": "2018-08-20T10:33:07.9051103",
     "isDeleted": false,
     "geoNameId": 2777738,
     "name": "Salamanca",
     "featureCode": "ADM2",
     "countryId": 68,
     "regionCode": "SA",
     "parentRegionId": 164
    },
    {
     "id": 3995,
     "creationDate": "2018-08-20T10:33:07.9051195",
     "modificationDate": "2018-08-20T10:33:07.9051195",
     "isDeleted": false,
     "geoNameId": 2779823,
     "name": "Pontevedra",
     "featureCode": "ADM2",
     "countryId": 68,
     "regionCode": "PO",
     "parentRegionId": 195
    },
    {
     "id": 3996,
     "creationDate": "2018-08-20T10:33:07.9051359",
     "modificationDate": "2018-08-20T10:33:07.9051359",
     "isDeleted": false,
     "geoNameId": 2781135,
     "name": "Palencia",
     "featureCode": "ADM2",
     "countryId": 68,
     "regionCode": "P",
     "parentRegionId": 164
    },
    {
     "id": 3997,
     "creationDate": "2018-08-20T10:33:07.9051462",
     "modificationDate": "2018-08-20T10:33:07.9051462",
     "isDeleted": false,
     "geoNameId": 2781566,
     "name": "Ourense",
     "featureCode": "ADM2",
     "countryId": 68,
     "regionCode": "OR",
     "parentRegionId": 195
    },
    {
     "id": 3998,
     "creationDate": "2018-08-20T10:33:07.9051564",
     "modificationDate": "2018-08-20T10:33:07.9051564",
     "isDeleted": false,
     "geoNameId": 2784401,
     "name": "Lugo",
     "featureCode": "ADM2",
     "countryId": 68,
     "regionCode": "LU",
     "parentRegionId": 195
    },
    {
     "id": 3999,
     "creationDate": "2018-08-20T10:33:07.9051672",
     "modificationDate": "2018-08-20T10:33:07.9051672",
     "isDeleted": false,
     "geoNameId": 2785113,
     "name": "León",
     "featureCode": "ADM2",
     "countryId": 68,
     "regionCode": "LE",
     "parentRegionId": 164
    },
    {
     "id": 4000,
     "creationDate": "2018-08-20T10:33:07.905178",
     "modificationDate": "2018-08-20T10:33:07.905178",
     "isDeleted": false,
     "geoNameId": 2786420,
     "name": "La Coruña",
     "featureCode": "ADM2",
     "countryId": 68,
     "regionCode": "C",
     "parentRegionId": 195
    },
    {
     "id": 4001,
     "creationDate": "2018-08-20T10:33:07.9051889",
     "modificationDate": "2018-08-20T10:33:07.9051889",
     "isDeleted": false,
     "geoNameId": 2787086,
     "name": "Huesca",
     "featureCode": "ADM2",
     "countryId": 68,
     "regionCode": "HU",
     "parentRegionId": 225
    },
    {
     "id": 4002,
     "creationDate": "2018-08-20T10:33:07.9052014",
     "modificationDate": "2018-08-20T10:33:07.9052014",
     "isDeleted": false,
     "geoNameId": 2787507,
     "name": "Gipuzkoa",
     "featureCode": "ADM2",
     "countryId": 68,
     "regionCode": "SS",
     "parentRegionId": 194
    },
    {
     "id": 4003,
     "creationDate": "2018-08-20T10:33:07.9052139",
     "modificationDate": "2018-08-20T10:33:07.9052139",
     "isDeleted": false,
     "geoNameId": 2787641,
     "name": "Guadalajara",
     "featureCode": "ADM2",
     "countryId": 68,
     "regionCode": "GU",
     "parentRegionId": 228
    },
    {
     "id": 4004,
     "creationDate": "2018-08-20T10:33:07.9052287",
     "modificationDate": "2018-08-20T10:33:07.9052287",
     "isDeleted": false,
     "geoNameId": 2792428,
     "name": "Castellón",
     "featureCode": "ADM2",
     "countryId": 68,
     "regionCode": "CS",
     "parentRegionId": 204
    },
    {
     "id": 4005,
     "creationDate": "2018-08-20T10:33:07.9052452",
     "modificationDate": "2018-08-20T10:33:07.9052457",
     "isDeleted": false,
     "geoNameId": 2794001,
     "name": "Burgos",
     "featureCode": "ADM2",
     "countryId": 68,
     "regionCode": "BU",
     "parentRegionId": 164
    },
    {
     "id": 4006,
     "creationDate": "2018-08-20T10:33:07.9052594",
     "modificationDate": "2018-08-20T10:33:07.9052594",
     "isDeleted": false,
     "geoNameId": 2795288,
     "name": "Barcelona",
     "featureCode": "ADM2",
     "countryId": 68,
     "regionCode": "B",
     "parentRegionId": 186
    },
    {
     "id": 4007,
     "creationDate": "2018-08-20T10:33:07.9052748",
     "modificationDate": "2018-08-20T10:33:07.9052748",
     "isDeleted": false,
     "geoNameId": 2795665,
     "name": "Ávila",
     "featureCode": "ADM2",
     "countryId": 68,
     "regionCode": "AV",
     "parentRegionId": 164
    },
    {
     "id": 4008,
     "creationDate": "2018-08-20T10:33:07.905289",
     "modificationDate": "2018-08-20T10:33:07.905289",
     "isDeleted": false,
     "geoNameId": 2797239,
     "name": "Álava",
     "featureCode": "ADM2",
     "countryId": 68,
     "regionCode": "VI",
     "parentRegionId": 194
    },
    {
     "id": 4009,
     "creationDate": "2018-08-20T10:33:07.9053049",
     "modificationDate": "2018-08-20T10:33:07.9053049",
     "isDeleted": false,
     "geoNameId": 2799114,
     "name": "Girona",
     "featureCode": "ADM2",
     "countryId": 68,
     "regionCode": "GI",
     "parentRegionId": 186
    },
    {
     "id": 4010,
     "creationDate": "2018-08-20T10:33:07.9053191",
     "modificationDate": "2018-08-20T10:33:07.9053191",
     "isDeleted": false,
     "geoNameId": 2799115,
     "name": "Lérida",
     "featureCode": "ADM2",
     "countryId": 68,
     "regionCode": "L",
     "parentRegionId": 186
    },
    {
     "id": 4011,
     "creationDate": "2018-08-20T10:33:07.9053339",
     "modificationDate": "2018-08-20T10:33:07.9053339",
     "isDeleted": false,
     "geoNameId": 2799116,
     "name": "La Rioja",
     "featureCode": "ADM2",
     "countryId": 68,
     "regionCode": "LO",
     "parentRegionId": 16
    },
    {
     "id": 4012,
     "creationDate": "2018-08-20T10:33:07.905339",
     "modificationDate": "2018-08-20T10:33:07.905339",
     "isDeleted": false,
     "geoNameId": 2799117,
     "name": "Madrid",
     "featureCode": "ADM2",
     "countryId": 68,
     "regionCode": "M",
     "parentRegionId": 21
    },
    {
     "id": 4013,
     "creationDate": "2018-08-20T10:33:07.9053442",
     "modificationDate": "2018-08-20T10:33:07.9053442",
     "isDeleted": false,
     "geoNameId": 2799118,
     "name": "Murcia",
     "featureCode": "ADM2",
     "countryId": 68,
     "regionCode": "MU",
     "parentRegionId": 33
    },
    {
     "id": 4014,
     "creationDate": "2018-08-20T10:33:07.9053504",
     "modificationDate": "2018-08-20T10:33:07.9053504",
     "isDeleted": false,
     "geoNameId": 2799119,
     "name": "Navarra",
     "featureCode": "ADM2",
     "countryId": 68,
     "regionCode": "NA",
     "parentRegionId": 19
    },
    {
     "id": 4015,
     "creationDate": "2018-08-20T10:33:07.9053555",
     "modificationDate": "2018-08-20T10:33:07.9053555",
     "isDeleted": false,
     "geoNameId": 2799120,
     "name": "Asturias",
     "featureCode": "ADM2",
     "countryId": 68,
     "regionCode": "O",
     "parentRegionId": 29
    },
    {
     "id": 4016,
     "creationDate": "2018-08-20T10:33:07.9053612",
     "modificationDate": "2018-08-20T10:33:07.9053612",
     "isDeleted": false,
     "geoNameId": 2806932,
     "name": "Baleares",
     "featureCode": "ADM2",
     "countryId": 68,
     "regionCode": "PM",
     "parentRegionId": 6
    },
    {
     "id": 4017,
     "creationDate": "2018-08-20T10:33:07.9053698",
     "modificationDate": "2018-08-20T10:33:07.9053698",
     "isDeleted": false,
     "geoNameId": 2816904,
     "name": "Ceuta",
     "featureCode": "ADM2",
     "countryId": 68,
     "regionCode": "CE",
     "parentRegionId": 930
    },
    {
     "id": 4018,
     "creationDate": "2018-08-20T10:33:07.9055928",
     "modificationDate": "2018-08-20T10:33:07.9055928",
     "isDeleted": false,
     "geoNameId": 2816905,
     "name": "Melilla",
     "featureCode": "ADM2",
     "countryId": 68,
     "regionCode": "ME",
     "parentRegionId": 947
    }
   ]
  },
  "nacionalities": [
   "Andorra",
   "Emiratos Árabes Unidos",
   "Afganistán",
   "Antigua y Barbuda",
   "Anguila",
   "Albania",
   "Armenia",
   "Angola",
   "Antártico",
   "Argentina",
   "Samoa Americana",
   "Austria",
   "Australia",
   "Aruba",
   "Åland, Islas",
   "Azerbaiyán",
   "Bosnia-Herzegovina",
   "Barbados",
   "Bangladés",
   "Bélgica",
   "Burkina Faso",
   "Bulgaria",
   "Baréin",
   "Burundi",
   "Benín",
   "San Bartolomé",
   "Bermudas",
   "Brunéi Darussalam",
   "Bolivia",
   "Bonaire, San Estaquio y Saba",
   "Brasil",
   "Bahamas",
   "Bután",
   "Isla Bouvet",
   "Botsuana",
   "Bielorrusia",
   "Belice",
   "Canadá",
   "Islas Cocos",
   "República Democrática del Congo",
   "República Centroafricana",
   "Congo, República del",
   "Suiza",
   "Costa de Marfil",
   "Islas Cook",
   "Chile",
   "Camerún",
   "China",
   "Colombia",
   "Costa Rica",
   "Cuba",
   "Cabo Verde",
   "Curasao",
   "Isla de Navidad",
   "Chipre",
   "República Checa",
   "Alemania",
   "Yibuti",
   "Dinamarca",
   "Dominica",
   "República Dominicana",
   "Argelia",
   "Ecuador",
   "Estonia",
   "Egipto",
   "Sahara Occidental",
   "Eritrea",
   "España",
   "Etiopía",
   "Finlandia",
   "Fiyi",
   "Islas Malvinas",
   "Micronesia, Estados Federados de",
   "Islas Feroe",
   "Francia",
   "Gabón",
   "Reino Unido",
   "Granada",
   "Georgia",
   "Guayana Francesa",
   "Guernesey",
   "Ghana",
   "Gibraltar",
   "Groenlandia",
   "Gambia",
   "Guinea",
   "Guadalupe",
   "Guinea Ecuatorial",
   "Grecia",
   "Islas Georgias del Sur y Sandwich del Sur",
   "Guatemala",
   "Guam",
   "Guinea-Bissau",
   "Guyana",
   "Hong Kong",
   "Islas Heard y McDonald",
   "Honduras",
   "Croacia",
   "Haití",
   "Hungría",
   "Indonesia",
   "Irlanda",
   "Israel",
   "Isla de Man",
   "India",
   "Territorio Británico en el Océano Índico",
   "Iraq",
   "Irán",
   "Islandia",
   "Italia",
   "Isla de Jersey",
   "Jamaica",
   "Jordania",
   "Japón",
   "Kenia",
   "Kirguistán",
   "Camboya",
   "Kiribati",
   "Comoras",
   "San Cristóbal y Nieves",
   "Corea del Norte",
   "Corea del Sur",
   "Kosovo",
   "Kuwait",
   "Islas Caimán",
   "Kazajistán",
   "Laos",
   "Líbano",
   "Santa Lucía",
   "Liechtenstein",
   "Sri Lanka",
   "Liberia",
   "Lesoto",
   "Lituania",
   "Luxemburgo",
   "Letonia",
   "Libia",
   "Marruecos",
   "Mónaco",
   "Moldavia",
   "Montenegro",
   "Isla de San Martín",
   "Madagascar",
   "Islas Marshall",
   "Macedonia, República de",
   "Malí",
   "Myanmar",
   "Mongolia",
   "Macao",
   "Islas Marianas del Norte",
   "Martinica",
   "Mauritania",
   "Montserrat",
   "Malta",
   "Mauricio",
   "Maldivas",
   "Malaui",
   "México",
   "Malasia",
   "Mozambique",
   "Namibia",
   "Nueva Caledonia",
   "Níger",
   "Isla Norfolk",
   "Nigeria",
   "Nicaragua",
   "Países Bajos",
   "Noruega",
   "Nepal",
   "Nauru",
   "Niue",
   "Nueva Zelanda",
   "Omán",
   "Panamá",
   "Perú",
   "Polinesia Francesa",
   "Papúa Nueva Guinea",
   "Filipinas",
   "Pakistán",
   "Polonia",
   "San Pedro y Miquelón",
   "Islas Pitcairn",
   "Puerto Rico",
   "Palestina",
   "Portugal",
   "Palaos",
   "Paraguay",
   "Qatar",
   "Reunión",
   "Rumania",
   "Serbia",
   "Rusia",
   "Ruanda",
   "Arabia Saudí",
   "Islas Salomón",
   "Seychelles",
   "Sudán",
   "Sudán del Sur",
   "Suecia",
   "Singapur",
   "Santa Helena",
   "Eslovenia",
   "Islas Svalbard y Jan Mayen",
   "Eslovaquia",
   "Sierra Leona",
   "San Marino",
   "Senegal",
   "Somalia",
   "Surinam",
   "Santo Tomé y Príncipe",
   "El Salvador",
   "San Martín (Sint Maarten)",
   "Siria",
   "Suazilandia",
   "Islas Turcas y Caicos",
   "Chad",
   "Territorios Australes Franceses",
   "Togo",
   "Tailandia",
   "Tayikistán",
   "Tokelau",
   "Timor Oriental",
   "Turkmenistán",
   "Túnez",
   "Tonga",
   "Turquía",
   "Trinidad y Tobago",
   "Tuvalu",
   "Taiwán",
   "Tanzania",
   "Ucrania",
   "Uganda",
   "Islas Ultramarinas Menores de Estados Unidos",
   "Estados Unidos",
   "Uruguay",
   "Uzbekistán",
   "Ciudad del Vaticano",
   "San Vicente y las Granadinas",
   "Venezuela",
   "Islas Vírgenes Británicas",
   "Islas Vírgenes de los Estados Unidos",
   "Vietnam",
   "Vanuatu",
   "Wallis y Futuna",
   "Samoa del Oeste",
   "Yemen",
   "Mayotte",
   "Sudáfrica",
   "Zambia",
   "Zimbabue",
   "Serbia y Montenegro"
  ]
 },
 "processTime": 0
}