{
 "errors": {},
 "success": true,
 "response": {
  "translations": {
   "PaymentMethod": "Forma de pago",
   "PayMode": "Modo de pago",
   "AcademicData.University": "Universidad",
   "AcademicData.Degree": "Titulación Académica",
   "AcademicData": "Datos académicos",
   "ContactData.Email": "Email",
   "ContactData.Phone": "Teléfono/Celular",
   "ContactData.Country": "País",
   "ContactData.State": "Estado",
   "ContactData.CP ": "Código Postal",
   "ContactData.Town": "Municipio/Delegación",
   "ContactData.Subdivision": "Colonia",
   "ContactData.Number": "Número",
   "ContactData.Street": "Calle",
   "ContactData.Document": "CURP",
   "ContactData": "Datos de contacto",
   "PersonalData.Profession": "Profesión",
   "CourseData": "Datos del curso",
   "CourseData.Title": "Título",
   "CourseData.Category": "Categoría",
   "CourseData.StartDate": "Fecha inicio",
   "CourseData.EndDate": "Fecha fin",
   "CourseData.Price": "Precio",
   "PersonalData": "Datos personales",
   "PersonalData.Name": "Nombre",
   "PersonalData.Surname": "Apellidos",
   "PersonalData.Gender": "Sexo",
   "PersonalData.Nationality": "Nacionalidad",
   "PersonalData.BirthDate": "Fecha de nacimiento",
   "CourseData.PromotionalCode": "Código promocional",
   "Observations": "Observaciones",
   "Check": "Verificación",
   "ContactData.DocumentName": "Clave Única de Registro de Población",
   "ContactData.Address": "Dirección"
  },
  "country": {
   "id": 158,
   "creationDate": "2018-08-20T10:19:12.8087657",
   "modificationDate": "2018-08-20T10:19:12.8087657",
   "isDeleted": false,
   "isoCode": "MX",
   "geoNameId": 3996063,
   "name": "México",
   "continentId": 4,
   "preferredFeatureCode": "ADM1",
   "postalCodeRegex": "^(\\d{5})$",
   "postalCodeFormat": "#####",
   "phone": "52",
   "currencyName": "Peso",
   "demonym": "",
   "currencyCode": "MXN",
   "fipsCode": "MX",
   "tld": ".mx",
   "isoNumericCode": 0,
   "defaultLanguageId": 77,
   "regions": [
    {
     "id": 2309,
     "creationDate": "2018-08-20T10:22:54.5949019",
     "modificationDate": "2018-08-20T10:22:54.5949025",
     "isDeleted": false,
     "geoNameId": 5767963,
     "name": "Yucatán",
     "featureCode": "ADM1",
     "countryId": 158,
     "regionCode": "31",
     "parentRegionId": -1
    },
    {
     "id": 2310,
     "creationDate": "2018-08-20T10:22:54.5949628",
     "modificationDate": "2018-08-20T10:22:54.5949628",
     "isDeleted": false,
     "geoNameId": 5768529,
     "name": "Veracruz-Llave",
     "featureCode": "ADM1",
     "countryId": 158,
     "regionCode": "30",
     "parentRegionId": -1
    },
    {
     "id": 2311,
     "creationDate": "2018-08-20T10:22:54.5950276",
     "modificationDate": "2018-08-20T10:22:54.5950276",
     "isDeleted": false,
     "geoNameId": 5769103,
     "name": "Tlaxcala",
     "featureCode": "ADM1",
     "countryId": 158,
     "regionCode": "29",
     "parentRegionId": -1
    },
    {
     "id": 2312,
     "creationDate": "2018-08-20T10:22:54.5950862",
     "modificationDate": "2018-08-20T10:22:54.5950862",
     "isDeleted": false,
     "geoNameId": 5770130,
     "name": "Tamaulipas",
     "featureCode": "ADM1",
     "countryId": 158,
     "regionCode": "28",
     "parentRegionId": -1
    },
    {
     "id": 2313,
     "creationDate": "2018-08-20T10:22:54.5951494",
     "modificationDate": "2018-08-20T10:22:54.5951494",
     "isDeleted": false,
     "geoNameId": 5770197,
     "name": "Tabasco",
     "featureCode": "ADM1",
     "countryId": 158,
     "regionCode": "27",
     "parentRegionId": -1
    },
    {
     "id": 2314,
     "creationDate": "2018-08-20T10:22:54.5952091",
     "modificationDate": "2018-08-20T10:22:54.5952091",
     "isDeleted": false,
     "geoNameId": 5774612,
     "name": "Quintana Roo",
     "featureCode": "ADM1",
     "countryId": 158,
     "regionCode": "23",
     "parentRegionId": -1
    },
    {
     "id": 2315,
     "creationDate": "2018-08-20T10:22:54.5952717",
     "modificationDate": "2018-08-20T10:22:54.5952717",
     "isDeleted": false,
     "geoNameId": 5774639,
     "name": "Querétaro de Arteaga",
     "featureCode": "ADM1",
     "countryId": 158,
     "regionCode": "22",
     "parentRegionId": -1
    },
    {
     "id": 2316,
     "creationDate": "2018-08-20T10:22:54.5953371",
     "modificationDate": "2018-08-20T10:22:54.5953371",
     "isDeleted": false,
     "geoNameId": 5774805,
     "name": "Puebla",
     "featureCode": "ADM1",
     "countryId": 158,
     "regionCode": "21",
     "parentRegionId": -1
    },
    {
     "id": 2317,
     "creationDate": "2018-08-20T10:22:54.5953974",
     "modificationDate": "2018-08-20T10:22:54.5953974",
     "isDeleted": false,
     "geoNameId": 5776222,
     "name": "Oaxaca",
     "featureCode": "ADM1",
     "countryId": 158,
     "regionCode": "20",
     "parentRegionId": -1
    },
    {
     "id": 2318,
     "creationDate": "2018-08-20T10:22:55.2643535",
     "modificationDate": "2018-08-20T10:22:55.2643535",
     "isDeleted": false,
     "geoNameId": 5776255,
     "name": "Nuevo León",
     "featureCode": "ADM1",
     "countryId": 158,
     "regionCode": "19",
     "parentRegionId": -1
    },
    {
     "id": 2319,
     "creationDate": "2018-08-20T10:22:55.2644951",
     "modificationDate": "2018-08-20T10:22:55.2644951",
     "isDeleted": false,
     "geoNameId": 5776672,
     "name": "Morelos",
     "featureCode": "ADM1",
     "countryId": 158,
     "regionCode": "17",
     "parentRegionId": -1
    },
    {
     "id": 2320,
     "creationDate": "2018-08-20T10:22:55.2645628",
     "modificationDate": "2018-08-20T10:22:55.2645628",
     "isDeleted": false,
     "geoNameId": 5776983,
     "name": "México",
     "featureCode": "ADM1",
     "countryId": 158,
     "regionCode": "15",
     "parentRegionId": -1
    },
    {
     "id": 2321,
     "creationDate": "2018-08-20T10:22:55.2646334",
     "modificationDate": "2018-08-20T10:22:55.2646334",
     "isDeleted": false,
     "geoNameId": 5780814,
     "name": "Hidalgo",
     "featureCode": "ADM1",
     "countryId": 158,
     "regionCode": "13",
     "parentRegionId": -1
    },
    {
     "id": 2322,
     "creationDate": "2018-08-20T10:22:55.2646931",
     "modificationDate": "2018-08-20T10:22:55.2646931",
     "isDeleted": false,
     "geoNameId": 5780910,
     "name": "Guerrero",
     "featureCode": "ADM1",
     "countryId": 158,
     "regionCode": "12",
     "parentRegionId": -1
    },
    {
     "id": 2323,
     "creationDate": "2018-08-20T10:22:55.2647574",
     "modificationDate": "2018-08-20T10:22:55.2647574",
     "isDeleted": false,
     "geoNameId": 5781343,
     "name": "Ciudad de México",
     "featureCode": "ADM1",
     "countryId": 158,
     "regionCode": "09",
     "parentRegionId": -1
    },
    {
     "id": 2324,
     "creationDate": "2018-08-20T10:22:55.2648183",
     "modificationDate": "2018-08-20T10:22:55.2648188",
     "isDeleted": false,
     "geoNameId": 5784700,
     "name": "Chiapas",
     "featureCode": "ADM1",
     "countryId": 158,
     "regionCode": "05",
     "parentRegionId": -1
    },
    {
     "id": 2325,
     "creationDate": "2018-08-20T10:22:55.2648803",
     "modificationDate": "2018-08-20T10:22:55.2648803",
     "isDeleted": false,
     "geoNameId": 5785413,
     "name": "Campeche",
     "featureCode": "ADM1",
     "countryId": 158,
     "regionCode": "04",
     "parentRegionId": -1
    },
    {
     "id": 2326,
     "creationDate": "2018-08-20T10:22:55.2649451",
     "modificationDate": "2018-08-20T10:22:55.2649457",
     "isDeleted": false,
     "geoNameId": 5811101,
     "name": "Zacatecas",
     "featureCode": "ADM1",
     "countryId": 158,
     "regionCode": "32",
     "parentRegionId": -1
    },
    {
     "id": 2327,
     "creationDate": "2018-08-20T10:22:55.2650049",
     "modificationDate": "2018-08-20T10:22:55.2650054",
     "isDeleted": false,
     "geoNameId": 5814092,
     "name": "Sonora",
     "featureCode": "ADM1",
     "countryId": 158,
     "regionCode": "26",
     "parentRegionId": -1
    },
    {
     "id": 2328,
     "creationDate": "2018-08-20T10:22:55.2650686",
     "modificationDate": "2018-08-20T10:22:55.2650686",
     "isDeleted": false,
     "geoNameId": 5814280,
     "name": "Sinaloa",
     "featureCode": "ADM1",
     "countryId": 158,
     "regionCode": "25",
     "parentRegionId": -1
    },
    {
     "id": 2329,
     "creationDate": "2018-08-20T10:22:55.2651306",
     "modificationDate": "2018-08-20T10:22:55.2651312",
     "isDeleted": false,
     "geoNameId": 5816834,
     "name": "San Luis Potosí",
     "featureCode": "ADM1",
     "countryId": 158,
     "regionCode": "24",
     "parentRegionId": -1
    },
    {
     "id": 2330,
     "creationDate": "2018-08-20T10:22:55.2651903",
     "modificationDate": "2018-08-20T10:22:55.2651903",
     "isDeleted": false,
     "geoNameId": 5826205,
     "name": "Nayarit",
     "featureCode": "ADM1",
     "countryId": 158,
     "regionCode": "18",
     "parentRegionId": -1
    },
    {
     "id": 2331,
     "creationDate": "2018-08-20T10:22:55.2652825",
     "modificationDate": "2018-08-20T10:22:55.2652825",
     "isDeleted": false,
     "geoNameId": 5827144,
     "name": "Michoacán de Ocampo",
     "featureCode": "ADM1",
     "countryId": 158,
     "regionCode": "16",
     "parentRegionId": -1
    },
    {
     "id": 2332,
     "creationDate": "2018-08-20T10:23:00.7533907",
     "modificationDate": "2018-08-20T10:23:00.7533913",
     "isDeleted": false,
     "geoNameId": 5835316,
     "name": "Jalisco",
     "featureCode": "ADM1",
     "countryId": 158,
     "regionCode": "14",
     "parentRegionId": -1
    },
    {
     "id": 2333,
     "creationDate": "2018-08-20T10:23:00.7534737",
     "modificationDate": "2018-08-20T10:23:00.7534743",
     "isDeleted": false,
     "geoNameId": 5836423,
     "name": "Guanajuato",
     "featureCode": "ADM1",
     "countryId": 158,
     "regionCode": "11",
     "parentRegionId": -1
    },
    {
     "id": 2334,
     "creationDate": "2018-08-20T10:23:00.7535147",
     "modificationDate": "2018-08-20T10:23:00.7535147",
     "isDeleted": false,
     "geoNameId": 5842877,
     "name": "Durango",
     "featureCode": "ADM1",
     "countryId": 158,
     "regionCode": "10",
     "parentRegionId": -1
    },
    {
     "id": 2335,
     "creationDate": "2018-08-20T10:23:00.7535551",
     "modificationDate": "2018-08-20T10:23:00.7535551",
     "isDeleted": false,
     "geoNameId": 5844635,
     "name": "Colima",
     "featureCode": "ADM1",
     "countryId": 158,
     "regionCode": "08",
     "parentRegionId": -1
    },
    {
     "id": 2336,
     "creationDate": "2018-08-20T10:23:00.7535926",
     "modificationDate": "2018-08-20T10:23:00.7535926",
     "isDeleted": false,
     "geoNameId": 5844795,
     "name": "Coahuila de Zaragoza",
     "featureCode": "ADM1",
     "countryId": 158,
     "regionCode": "07",
     "parentRegionId": -1
    },
    {
     "id": 2337,
     "creationDate": "2018-08-20T10:23:00.7536313",
     "modificationDate": "2018-08-20T10:23:00.7536319",
     "isDeleted": false,
     "geoNameId": 5845453,
     "name": "Chihuahua",
     "featureCode": "ADM1",
     "countryId": 158,
     "regionCode": "06",
     "parentRegionId": -1
    },
    {
     "id": 2338,
     "creationDate": "2018-08-20T10:23:00.7536751",
     "modificationDate": "2018-08-20T10:23:00.7536751",
     "isDeleted": false,
     "geoNameId": 5848802,
     "name": "Baja California Sur",
     "featureCode": "ADM1",
     "countryId": 158,
     "regionCode": "03",
     "parentRegionId": -1
    },
    {
     "id": 2339,
     "creationDate": "2018-08-20T10:23:00.7537246",
     "modificationDate": "2018-08-20T10:23:00.7537246",
     "isDeleted": false,
     "geoNameId": 5848804,
     "name": "Baja California",
     "featureCode": "ADM1",
     "countryId": 158,
     "regionCode": "02",
     "parentRegionId": -1
    },
    {
     "id": 2340,
     "creationDate": "2018-08-20T10:23:00.7537633",
     "modificationDate": "2018-08-20T10:23:00.7537633",
     "isDeleted": false,
     "geoNameId": 5850331,
     "name": "Aguascalientes",
     "featureCode": "ADM1",
     "countryId": 158,
     "regionCode": "01",
     "parentRegionId": -1
    }
   ]
  },
  "nacionalities": [
   "Andorra",
   "Emiratos Árabes Unidos",
   "Afganistán",
   "Antigua y Barbuda",
   "Anguila",
   "Albania",
   "Armenia",
   "Angola",
   "Antártico",
   "Argentina",
   "Samoa Americana",
   "Austria",
   "Australia",
   "Aruba",
   "Åland, Islas",
   "Azerbaiyán",
   "Bosnia-Herzegovina",
   "Barbados",
   "Bangladés",
   "Bélgica",
   "Burkina Faso",
   "Bulgaria",
   "Baréin",
   "Burundi",
   "Benín",
   "San Bartolomé",
   "Bermudas",
   "Brunéi Darussalam",
   "Bolivia",
   "Bonaire, San Estaquio y Saba",
   "Brasil",
   "Bahamas",
   "Bután",
   "Isla Bouvet",
   "Botsuana",
   "Bielorrusia",
   "Belice",
   "Canadá",
   "Islas Cocos",
   "República Democrática del Congo",
   "República Centroafricana",
   "Congo, República del",
   "Suiza",
   "Costa de Marfil",
   "Islas Cook",
   "Chile",
   "Camerún",
   "China",
   "Colombia",
   "Costa Rica",
   "Cuba",
   "Cabo Verde",
   "Curasao",
   "Isla de Navidad",
   "Chipre",
   "República Checa",
   "Alemania",
   "Yibuti",
   "Dinamarca",
   "Dominica",
   "República Dominicana",
   "Argelia",
   "Ecuador",
   "Estonia",
   "Egipto",
   "Sahara Occidental",
   "Eritrea",
   "España",
   "Etiopía",
   "Finlandia",
   "Fiyi",
   "Islas Malvinas",
   "Micronesia, Estados Federados de",
   "Islas Feroe",
   "Francia",
   "Gabón",
   "Reino Unido",
   "Granada",
   "Georgia",
   "Guayana Francesa",
   "Guernesey",
   "Ghana",
   "Gibraltar",
   "Groenlandia",
   "Gambia",
   "Guinea",
   "Guadalupe",
   "Guinea Ecuatorial",
   "Grecia",
   "Islas Georgias del Sur y Sandwich del Sur",
   "Guatemala",
   "Guam",
   "Guinea-Bissau",
   "Guyana",
   "Hong Kong",
   "Islas Heard y McDonald",
   "Honduras",
   "Croacia",
   "Haití",
   "Hungría",
   "Indonesia",
   "Irlanda",
   "Israel",
   "Isla de Man",
   "India",
   "Territorio Británico en el Océano Índico",
   "Iraq",
   "Irán",
   "Islandia",
   "Italia",
   "Isla de Jersey",
   "Jamaica",
   "Jordania",
   "Japón",
   "Kenia",
   "Kirguistán",
   "Camboya",
   "Kiribati",
   "Comoras",
   "San Cristóbal y Nieves",
   "Corea del Norte",
   "Corea del Sur",
   "Kosovo",
   "Kuwait",
   "Islas Caimán",
   "Kazajistán",
   "Laos",
   "Líbano",
   "Santa Lucía",
   "Liechtenstein",
   "Sri Lanka",
   "Liberia",
   "Lesoto",
   "Lituania",
   "Luxemburgo",
   "Letonia",
   "Libia",
   "Marruecos",
   "Mónaco",
   "Moldavia",
   "Montenegro",
   "Isla de San Martín",
   "Madagascar",
   "Islas Marshall",
   "Macedonia, República de",
   "Malí",
   "Myanmar",
   "Mongolia",
   "Macao",
   "Islas Marianas del Norte",
   "Martinica",
   "Mauritania",
   "Montserrat",
   "Malta",
   "Mauricio",
   "Maldivas",
   "Malaui",
   "México",
   "Malasia",
   "Mozambique",
   "Namibia",
   "Nueva Caledonia",
   "Níger",
   "Isla Norfolk",
   "Nigeria",
   "Nicaragua",
   "Países Bajos",
   "Noruega",
   "Nepal",
   "Nauru",
   "Niue",
   "Nueva Zelanda",
   "Omán",
   "Panamá",
   "Perú",
   "Polinesia Francesa",
   "Papúa Nueva Guinea",
   "Filipinas",
   "Pakistán",
   "Polonia",
   "San Pedro y Miquelón",
   "Islas Pitcairn",
   "Puerto Rico",
   "Palestina",
   "Portugal",
   "Palaos",
   "Paraguay",
   "Qatar",
   "Reunión",
   "Rumania",
   "Serbia",
   "Rusia",
   "Ruanda",
   "Arabia Saudí",
   "Islas Salomón",
   "Seychelles",
   "Sudán",
   "Sudán del Sur",
   "Suecia",
   "Singapur",
   "Santa Helena",
   "Eslovenia",
   "Islas Svalbard y Jan Mayen",
   "Eslovaquia",
   "Sierra Leona",
   "San Marino",
   "Senegal",
   "Somalia",
   "Surinam",
   "Santo Tomé y Príncipe",
   "El Salvador",
   "San Martín (Sint Maarten)",
   "Siria",
   "Suazilandia",
   "Islas Turcas y Caicos",
   "Chad",
   "Territorios Australes Franceses",
   "Togo",
   "Tailandia",
   "Tayikistán",
   "Tokelau",
   "Timor Oriental",
   "Turkmenistán",
   "Túnez",
   "Tonga",
   "Turquía",
   "Trinidad y Tobago",
   "Tuvalu",
   "Taiwán",
   "Tanzania",
   "Ucrania",
   "Uganda",
   "Islas Ultramarinas Menores de Estados Unidos",
   "Estados Unidos",
   "Uruguay",
   "Uzbekistán",
   "Ciudad del Vaticano",
   "San Vicente y las Granadinas",
   "Venezuela",
   "Islas Vírgenes Británicas",
   "Islas Vírgenes de los Estados Unidos",
   "Vietnam",
   "Vanuatu",
   "Wallis y Futuna",
   "Samoa del Oeste",
   "Yemen",
   "Mayotte",
   "Sudáfrica",
   "Zambia",
   "Zimbabue",
   "Serbia y Montenegro"
  ]
 },
 "processTime": 0
}