{
 "errors": {},
 "success": true,
 "response": {
  "translations": {
   "CourseData": "Datos del curso",
   "Check": "Verificación",
   "Observations": "Observaciones",
   "PaymentMethod": "Forma de pago",
   "PayMode": "Modo de pago",
   "AcademicData.Year": "Ańo",
   "AcademicData.University": "Universidad",
   "AcademicData.Degree": "Título",
   "AcademicData": "Datos académicos",
   "CourseData.Title": "Título",
   "CourseData.Category": "Categoría",
   "CourseData.StartDate": "Fecha inicio",
   "CourseData.EndDate": "Fecha fin",
   "CourseData.Price": "Precio",
   "CourseData.PromotionalCode": "Código promocional",
   "PersonalData": "Datos personales",
   "PersonalData.Surname": "Apellidos",
   "PersonalData.Gender": "Sexo",
   "PersonalData.Nationality": "Nacionalidad",
   "PersonalData.BirthDate": "Fecha de nacimiento",
   "PersonalData.Profession": "Profesión",
   "PersonalData.Name": "Nombre",
   "ContactData.Email": "Email",
   "ContactData.Phone": "Teléfono",
   "ContactData.Country": "País",
   "ContactData.CP": "Código Postal",
   "ContactData.Town": "Localidad",
   "ContactData.Address": "Dirección",
   "ContactData.State": "Departamento",
   "ContactData.Document": "DNI",
   "ContactData.DocumentName": "Documento Nacional de Identidad"
  },
  "country": {
   "id": 175,
   "creationDate": "2018-08-20T10:19:12.810052",
   "modificationDate": "2018-08-20T10:19:12.810052",
   "isDeleted": false,
   "isoCode": "PE",
   "geoNameId": 3932488,
   "name": "Perú",
   "continentId": 5,
   "preferredFeatureCode": "ADM1",
   "postalCodeRegex": null,
   "postalCodeFormat": null,
   "phone": "51",
   "currencyName": "Sol",
   "demonym": "",
   "currencyCode": "PEN",
   "fipsCode": "PE",
   "tld": ".pe",
   "isoNumericCode": 0,
   "defaultLanguageId": 77,
   "regions": [
    {
     "id": 2537,
     "creationDate": "2018-08-20T10:23:13.2332108",
     "modificationDate": "2018-08-20T10:23:13.2332108",
     "isDeleted": false,
     "geoNameId": 7302597,
     "name": "Ucayali",
     "featureCode": "ADM1",
     "countryId": 175,
     "regionCode": "25",
     "parentRegionId": -1
    },
    {
     "id": 2538,
     "creationDate": "2018-08-20T10:23:13.2332267",
     "modificationDate": "2018-08-20T10:23:13.2332267",
     "isDeleted": false,
     "geoNameId": 7302644,
     "name": "Tumbes",
     "featureCode": "ADM1",
     "countryId": 175,
     "regionCode": "24",
     "parentRegionId": -1
    },
    {
     "id": 2539,
     "creationDate": "2018-08-20T10:23:13.2332415",
     "modificationDate": "2018-08-20T10:23:13.2332415",
     "isDeleted": false,
     "geoNameId": 7303880,
     "name": "Región de San Martín",
     "featureCode": "ADM1",
     "countryId": 175,
     "regionCode": "22",
     "parentRegionId": -1
    },
    {
     "id": 2540,
     "creationDate": "2018-08-20T10:23:13.2332671",
     "modificationDate": "2018-08-20T10:23:13.2332671",
     "isDeleted": false,
     "geoNameId": 7305016,
     "name": "Piura",
     "featureCode": "ADM1",
     "countryId": 175,
     "regionCode": "20",
     "parentRegionId": -1
    },
    {
     "id": 2541,
     "creationDate": "2018-08-20T10:23:13.2332831",
     "modificationDate": "2018-08-20T10:23:13.2332836",
     "isDeleted": false,
     "geoNameId": 7306722,
     "name": "Loreto",
     "featureCode": "ADM1",
     "countryId": 175,
     "regionCode": "16",
     "parentRegionId": -1
    },
    {
     "id": 2542,
     "creationDate": "2018-08-20T10:23:13.3787437",
     "modificationDate": "2018-08-20T10:23:13.3787437",
     "isDeleted": false,
     "geoNameId": 7307233,
     "name": "Lambayeque",
     "featureCode": "ADM1",
     "countryId": 175,
     "regionCode": "14",
     "parentRegionId": -1
    },
    {
     "id": 2543,
     "creationDate": "2018-08-20T10:23:13.3788456",
     "modificationDate": "2018-08-20T10:23:13.3788461",
     "isDeleted": false,
     "geoNameId": 7307261,
     "name": "La Libertad",
     "featureCode": "ADM1",
     "countryId": 175,
     "regionCode": "13",
     "parentRegionId": -1
    },
    {
     "id": 2544,
     "creationDate": "2018-08-20T10:23:13.3788996",
     "modificationDate": "2018-08-20T10:23:13.3788996",
     "isDeleted": false,
     "geoNameId": 7307894,
     "name": "Región de Huánuco",
     "featureCode": "ADM1",
     "countryId": 175,
     "regionCode": "10",
     "parentRegionId": -1
    },
    {
     "id": 2545,
     "creationDate": "2018-08-20T10:23:13.3789383",
     "modificationDate": "2018-08-20T10:23:13.3789383",
     "isDeleted": false,
     "geoNameId": 7310548,
     "name": "Cajamarca",
     "featureCode": "ADM1",
     "countryId": 175,
     "regionCode": "06",
     "parentRegionId": -1
    },
    {
     "id": 2546,
     "creationDate": "2018-08-20T10:23:13.3789964",
     "modificationDate": "2018-08-20T10:23:13.3789964",
     "isDeleted": false,
     "geoNameId": 7311129,
     "name": "Ancash",
     "featureCode": "ADM1",
     "countryId": 175,
     "regionCode": "02",
     "parentRegionId": -1
    },
    {
     "id": 2547,
     "creationDate": "2018-08-20T10:23:13.3790754",
     "modificationDate": "2018-08-20T10:23:13.379076",
     "isDeleted": false,
     "geoNameId": 7311154,
     "name": "Amazonas",
     "featureCode": "ADM1",
     "countryId": 175,
     "regionCode": "01",
     "parentRegionId": -1
    },
    {
     "id": 2548,
     "creationDate": "2018-08-20T10:23:13.500834",
     "modificationDate": "2018-08-20T10:23:13.500834",
     "isDeleted": false,
     "geoNameId": 7322432,
     "name": "Tacna",
     "featureCode": "ADM1",
     "countryId": 175,
     "regionCode": "23",
     "parentRegionId": -1
    },
    {
     "id": 2549,
     "creationDate": "2018-08-20T10:23:13.5009716",
     "modificationDate": "2018-08-20T10:23:13.5009716",
     "isDeleted": false,
     "geoNameId": 7325562,
     "name": "Puno",
     "featureCode": "ADM1",
     "countryId": 175,
     "regionCode": "21",
     "parentRegionId": -1
    },
    {
     "id": 2550,
     "creationDate": "2018-08-20T10:23:13.5010439",
     "modificationDate": "2018-08-20T10:23:13.5010439",
     "isDeleted": false,
     "geoNameId": 7327116,
     "name": "Pasco",
     "featureCode": "ADM1",
     "countryId": 175,
     "regionCode": "19",
     "parentRegionId": -1
    },
    {
     "id": 2551,
     "creationDate": "2018-08-20T10:23:13.5011099",
     "modificationDate": "2018-08-20T10:23:13.5011099",
     "isDeleted": false,
     "geoNameId": 7328876,
     "name": "Departamento de Moquegua",
     "featureCode": "ADM1",
     "countryId": 175,
     "regionCode": "18",
     "parentRegionId": -1
    },
    {
     "id": 2552,
     "creationDate": "2018-08-20T10:23:13.501185",
     "modificationDate": "2018-08-20T10:23:13.501185",
     "isDeleted": false,
     "geoNameId": 7329882,
     "name": "Madre de Dios",
     "featureCode": "ADM1",
     "countryId": 175,
     "regionCode": "17",
     "parentRegionId": -1
    },
    {
     "id": 2553,
     "creationDate": "2018-08-20T10:23:13.5012453",
     "modificationDate": "2018-08-20T10:23:13.5012453",
     "isDeleted": false,
     "geoNameId": 7330710,
     "name": "Provincia de Lima",
     "featureCode": "ADM1",
     "countryId": 175,
     "regionCode": "LMA",
     "parentRegionId": -1
    },
    {
     "id": 2554,
     "creationDate": "2018-08-20T10:23:13.5013255",
     "modificationDate": "2018-08-20T10:23:13.5013255",
     "isDeleted": false,
     "geoNameId": 7330711,
     "name": "Lima",
     "featureCode": "ADM1",
     "countryId": 175,
     "regionCode": "15",
     "parentRegionId": -1
    },
    {
     "id": 2555,
     "creationDate": "2018-08-20T10:23:13.5013983",
     "modificationDate": "2018-08-20T10:23:13.5013983",
     "isDeleted": false,
     "geoNameId": 7331737,
     "name": "Junín",
     "featureCode": "ADM1",
     "countryId": 175,
     "regionCode": "12",
     "parentRegionId": -1
    },
    {
     "id": 2556,
     "creationDate": "2018-08-20T10:23:14.9410208",
     "modificationDate": "2018-08-20T10:23:14.9410208",
     "isDeleted": false,
     "geoNameId": 7332774,
     "name": "Ica",
     "featureCode": "ADM1",
     "countryId": 175,
     "regionCode": "11",
     "parentRegionId": -1
    },
    {
     "id": 2557,
     "creationDate": "2018-08-20T10:23:14.9411141",
     "modificationDate": "2018-08-20T10:23:14.9411141",
     "isDeleted": false,
     "geoNameId": 7333713,
     "name": "Huancavelica",
     "featureCode": "ADM1",
     "countryId": 175,
     "regionCode": "09",
     "parentRegionId": -1
    },
    {
     "id": 2558,
     "creationDate": "2018-08-20T10:23:14.9411732",
     "modificationDate": "2018-08-20T10:23:14.9411732",
     "isDeleted": false,
     "geoNameId": 7335817,
     "name": "Cusco",
     "featureCode": "ADM1",
     "countryId": 175,
     "regionCode": "08",
     "parentRegionId": -1
    },
    {
     "id": 2559,
     "creationDate": "2018-08-20T10:23:14.941229",
     "modificationDate": "2018-08-20T10:23:14.941229",
     "isDeleted": false,
     "geoNameId": 7340299,
     "name": "Callao",
     "featureCode": "ADM1",
     "countryId": 175,
     "regionCode": "07",
     "parentRegionId": -1
    },
    {
     "id": 2560,
     "creationDate": "2018-08-20T10:23:14.9413166",
     "modificationDate": "2018-08-20T10:23:14.9413166",
     "isDeleted": false,
     "geoNameId": 7341234,
     "name": "Ayacucho",
     "featureCode": "ADM1",
     "countryId": 175,
     "regionCode": "05",
     "parentRegionId": -1
    },
    {
     "id": 2561,
     "creationDate": "2018-08-20T10:23:14.9413797",
     "modificationDate": "2018-08-20T10:23:14.9413797",
     "isDeleted": false,
     "geoNameId": 7341535,
     "name": "Arequipa",
     "featureCode": "ADM1",
     "countryId": 175,
     "regionCode": "04",
     "parentRegionId": -1
    },
    {
     "id": 2562,
     "creationDate": "2018-08-20T10:23:14.9414338",
     "modificationDate": "2018-08-20T10:23:14.9414343",
     "isDeleted": false,
     "geoNameId": 7341637,
     "name": "Apurimac",
     "featureCode": "ADM1",
     "countryId": 175,
     "regionCode": "03",
     "parentRegionId": -1
    }
   ]
  },
  "nacionalities": [
   "Andorra",
   "Emiratos Árabes Unidos",
   "Afganistán",
   "Antigua y Barbuda",
   "Anguila",
   "Albania",
   "Armenia",
   "Angola",
   "Antártico",
   "Argentina",
   "Samoa Americana",
   "Austria",
   "Australia",
   "Aruba",
   "Åland, Islas",
   "Azerbaiyán",
   "Bosnia-Herzegovina",
   "Barbados",
   "Bangladés",
   "Bélgica",
   "Burkina Faso",
   "Bulgaria",
   "Baréin",
   "Burundi",
   "Benín",
   "San Bartolomé",
   "Bermudas",
   "Brunéi Darussalam",
   "Bolivia",
   "Bonaire, San Estaquio y Saba",
   "Brasil",
   "Bahamas",
   "Bután",
   "Isla Bouvet",
   "Botsuana",
   "Bielorrusia",
   "Belice",
   "Canadá",
   "Islas Cocos",
   "República Democrática del Congo",
   "República Centroafricana",
   "Congo, República del",
   "Suiza",
   "Costa de Marfil",
   "Islas Cook",
   "Chile",
   "Camerún",
   "China",
   "Colombia",
   "Costa Rica",
   "Cuba",
   "Cabo Verde",
   "Curasao",
   "Isla de Navidad",
   "Chipre",
   "República Checa",
   "Alemania",
   "Yibuti",
   "Dinamarca",
   "Dominica",
   "República Dominicana",
   "Argelia",
   "Ecuador",
   "Estonia",
   "Egipto",
   "Sahara Occidental",
   "Eritrea",
   "España",
   "Etiopía",
   "Finlandia",
   "Fiyi",
   "Islas Malvinas",
   "Micronesia, Estados Federados de",
   "Islas Feroe",
   "Francia",
   "Gabón",
   "Reino Unido",
   "Granada",
   "Georgia",
   "Guayana Francesa",
   "Guernesey",
   "Ghana",
   "Gibraltar",
   "Groenlandia",
   "Gambia",
   "Guinea",
   "Guadalupe",
   "Guinea Ecuatorial",
   "Grecia",
   "Islas Georgias del Sur y Sandwich del Sur",
   "Guatemala",
   "Guam",
   "Guinea-Bissau",
   "Guyana",
   "Hong Kong",
   "Islas Heard y McDonald",
   "Honduras",
   "Croacia",
   "Haití",
   "Hungría",
   "Indonesia",
   "Irlanda",
   "Israel",
   "Isla de Man",
   "India",
   "Territorio Británico en el Océano Índico",
   "Iraq",
   "Irán",
   "Islandia",
   "Italia",
   "Isla de Jersey",
   "Jamaica",
   "Jordania",
   "Japón",
   "Kenia",
   "Kirguistán",
   "Camboya",
   "Kiribati",
   "Comoras",
   "San Cristóbal y Nieves",
   "Corea del Norte",
   "Corea del Sur",
   "Kosovo",
   "Kuwait",
   "Islas Caimán",
   "Kazajistán",
   "Laos",
   "Líbano",
   "Santa Lucía",
   "Liechtenstein",
   "Sri Lanka",
   "Liberia",
   "Lesoto",
   "Lituania",
   "Luxemburgo",
   "Letonia",
   "Libia",
   "Marruecos",
   "Mónaco",
   "Moldavia",
   "Montenegro",
   "Isla de San Martín",
   "Madagascar",
   "Islas Marshall",
   "Macedonia, República de",
   "Malí",
   "Myanmar",
   "Mongolia",
   "Macao",
   "Islas Marianas del Norte",
   "Martinica",
   "Mauritania",
   "Montserrat",
   "Malta",
   "Mauricio",
   "Maldivas",
   "Malaui",
   "México",
   "Malasia",
   "Mozambique",
   "Namibia",
   "Nueva Caledonia",
   "Níger",
   "Isla Norfolk",
   "Nigeria",
   "Nicaragua",
   "Países Bajos",
   "Noruega",
   "Nepal",
   "Nauru",
   "Niue",
   "Nueva Zelanda",
   "Omán",
   "Panamá",
   "Perú",
   "Polinesia Francesa",
   "Papúa Nueva Guinea",
   "Filipinas",
   "Pakistán",
   "Polonia",
   "San Pedro y Miquelón",
   "Islas Pitcairn",
   "Puerto Rico",
   "Palestina",
   "Portugal",
   "Palaos",
   "Paraguay",
   "Qatar",
   "Reunión",
   "Rumania",
   "Serbia",
   "Rusia",
   "Ruanda",
   "Arabia Saudí",
   "Islas Salomón",
   "Seychelles",
   "Sudán",
   "Sudán del Sur",
   "Suecia",
   "Singapur",
   "Santa Helena",
   "Eslovenia",
   "Islas Svalbard y Jan Mayen",
   "Eslovaquia",
   "Sierra Leona",
   "San Marino",
   "Senegal",
   "Somalia",
   "Surinam",
   "Santo Tomé y Príncipe",
   "El Salvador",
   "San Martín (Sint Maarten)",
   "Siria",
   "Suazilandia",
   "Islas Turcas y Caicos",
   "Chad",
   "Territorios Australes Franceses",
   "Togo",
   "Tailandia",
   "Tayikistán",
   "Tokelau",
   "Timor Oriental",
   "Turkmenistán",
   "Túnez",
   "Tonga",
   "Turquía",
   "Trinidad y Tobago",
   "Tuvalu",
   "Taiwán",
   "Tanzania",
   "Ucrania",
   "Uganda",
   "Islas Ultramarinas Menores de Estados Unidos",
   "Estados Unidos",
   "Uruguay",
   "Uzbekistán",
   "Ciudad del Vaticano",
   "San Vicente y las Granadinas",
   "Venezuela",
   "Islas Vírgenes Británicas",
   "Islas Vírgenes de los Estados Unidos",
   "Vietnam",
   "Vanuatu",
   "Wallis y Futuna",
   "Samoa del Oeste",
   "Yemen",
   "Mayotte",
   "Sudáfrica",
   "Zambia",
   "Zimbabue",
   "Serbia y Montenegro"
  ]
 },
 "processTime": 0
}